manga,chapter,image_url
hunter-x-hunter,415,https://3asq.online/wp-content/uploads/WP-manga/data/manga_5ca1538babe38/88ba3c27f54d3eb2e396897301e04126/01.jpg
hunter-x-hunter,415,https://3asq.online/wp-content/uploads/WP-manga/data/manga_5ca1538babe38/88ba3c27f54d3eb2e396897301e04126/02.jpg
hunter-x-hunter,415,https://3asq.online/wp-content/uploads/WP-manga/data/manga_5ca1538babe38/88ba3c27f54d3eb2e396897301e04126/03.jpg
hunter-x-hunter,415,https://3asq.online/wp-content/uploads/WP-manga/data/manga_5ca1538babe38/88ba3c27f54d3eb2e396897301e04126/04.jpg
hunter-x-hunter,415,https://3asq.online/wp-content/uploads/WP-manga/data/manga_5ca1538babe38/88ba3c27f54d3eb2e396897301e04126/05.jpg
hunter-x-hunter,415,https://3asq.online/wp-content/uploads/WP-manga/data/manga_5ca1538babe38/88ba3c27f54d3eb2e396897301e04126/06.jpg
hunter-x-hunter,415,https://3asq.online/wp-content/uploads/WP-manga/data/manga_5ca1538babe38/88ba3c27f54d3eb2e396897301e04126/07.jpg
hunter-x-hunter,415,https://3asq.online/wp-content/uploads/WP-manga/data/manga_5ca1538babe38/88ba3c27f54d3eb2e396897301e04126/08.jpg
hunter-x-hunter,415,https://3asq.online/wp-content/uploads/WP-manga/data/manga_5ca1538babe38/88ba3c27f54d3eb2e396897301e04126/09.jpg
hunter-x-hunter,415,https://3asq.online/wp-content/uploads/WP-manga/data/manga_5ca1538babe38/88ba3c27f54d3eb2e396897301e04126/10.jpg
hunter-x-hunter,415,https://3asq.online/wp-content/uploads/WP-manga/data/manga_5ca1538babe38/88ba3c27f54d3eb2e396897301e04126/11.jpg
hunter-x-hunter,415,https://3asq.online/wp-content/uploads/WP-manga/data/manga_5ca1538babe38/88ba3c27f54d3eb2e396897301e04126/12-13.jpg
hunter-x-hunter,415,https://3asq.online/wp-content/uploads/WP-manga/data/manga_5ca1538babe38/88ba3c27f54d3eb2e396897301e04126/14.jpg
hunter-x-hunter,415,https://3asq.online/wp-content/uploads/WP-manga/data/manga_5ca1538babe38/88ba3c27f54d3eb2e396897301e04126/15.jpg
hunter-x-hunter,415,https://3asq.online/wp-content/uploads/WP-manga/data/manga_5ca1538babe38/88ba3c27f54d3eb2e396897301e04126/16.jpg
hunter-x-hunter,415,https://3asq.online/wp-content/uploads/WP-manga/data/manga_5ca1538babe38/88ba3c27f54d3eb2e396897301e04126/17.jpg
hunter-x-hunter,415,https://3asq.online/wp-content/uploads/WP-manga/data/manga_5ca1538babe38/88ba3c27f54d3eb2e396897301e04126/18.jpg
hunter-x-hunter,415,https://3asq.online/wp-content/uploads/WP-manga/data/manga_5ca1538babe38/88ba3c27f54d3eb2e396897301e04126/19.jpg
kimetsu-no-yaiba,195,https://i.imgur.com/LFuDQfS.png
